{
  "stage_name": "stage_2",
  "env_name": "Go2JoystickFlatTerrain",
  "backend_impl": "jax",
  "num_progress_events": 5,
  "final_metrics": {
    "eval/walltime": 68.00905442237854,
    "training/sps": 3106744.3691411857,
    "training/walltime": 42.94659972190857,
    "training/entropy_loss": 0.03653988987207413,
    "training/kl_mean": 0.03468310832977295,
    "training/learning_rate": 0.0003000000142492354,
    "training/policy_dist_max_loc": 1.7376874685287476,
    "training/policy_dist_max_std": 1.2479360103607178,
    "training/policy_dist_mean_loc": 0.19800221920013428,
    "training/policy_dist_mean_std": 0.22720663249492645,
    "training/policy_dist_min_loc": -1.1771076917648315,
    "training/policy_dist_min_std": 0.07722797989845276,
    "training/policy_loss": -0.016518235206604004,
    "training/total_loss": 0.020346958190202713,
    "training/v_loss": 0.00032530707539990544,
    "eval/episode_reward": 21.654268264770508,
    "eval/episode_reward/action_rate": -34.03235626220703,
    "eval/episode_reward/ang_vel_xy": -51.2135009765625,
    "eval/episode_reward/dof_pos_limits": 0.0,
    "eval/episode_reward/energy": -106.39445495605469,
    "eval/episode_reward/feet_air_time": -1.0680001974105835,
    "eval/episode_reward/feet_clearance": -193.54537963867188,
    "eval/episode_reward/feet_height": -30.382139205932617,
    "eval/episode_reward/feet_slip": -13.322357177734375,
    "eval/episode_reward/lin_vel_z": -3.751828670501709,
    "eval/episode_reward/orientation": -19.86935806274414,
    "eval/episode_reward/pose": 421.946533203125,
    "eval/episode_reward/stand_still": -4.056042671203613,
    "eval/episode_reward/termination": -0.078125,
    "eval/episode_reward/torques": -12.201510429382324,
    "eval/episode_reward/tracking_ang_vel": 383.7994384765625,
    "eval/episode_reward/tracking_lin_vel": 727.3941650390625,
    "eval/episode_swing_peak": 5.339271068572998,
    "eval/episode_reward_std": 6.748125076293945,
    "eval/episode_reward/action_rate_std": 13.003412246704102,
    "eval/episode_reward/ang_vel_xy_std": 24.743349075317383,
    "eval/episode_reward/dof_pos_limits_std": 0.0,
    "eval/episode_reward/energy_std": 49.00627136230469,
    "eval/episode_reward/feet_air_time_std": 0.5170702934265137,
    "eval/episode_reward/feet_clearance_std": 57.610816955566406,
    "eval/episode_reward/feet_height_std": 10.925190925598145,
    "eval/episode_reward/feet_slip_std": 8.823161125183105,
    "eval/episode_reward/lin_vel_z_std": 1.8568493127822876,
    "eval/episode_reward/orientation_std": 17.85361099243164,
    "eval/episode_reward/pose_std": 80.81688690185547,
    "eval/episode_reward/stand_still_std": 37.822513580322266,
    "eval/episode_reward/termination_std": 0.2683681845664978,
    "eval/episode_reward/torques_std": 2.418400764465332,
    "eval/episode_reward/tracking_ang_vel_std": 83.0032730102539,
    "eval/episode_reward/tracking_lin_vel_std": 193.36180114746094,
    "eval/episode_swing_peak_std": 3.057408571243286,
    "eval/avg_episode_length": 955.078125,
    "eval/std_episode_length": 174.60415649414062,
    "eval/epoch_eval_time": 1.7687287330627441,
    "eval/sps": 72368.36130227512
  },
  "latest_checkpoint": "/home/qiyaoma/eec289_hw1/artifacts/run_extended/stage_2/checkpoints/000006553600",
  "selected_checkpoint_source": "/home/qiyaoma/eec289_hw1/artifacts/run_extended/stage_2/checkpoints/000006553600",
  "selected_checkpoint_export": "/home/qiyaoma/eec289_hw1/artifacts/run_extended/best_checkpoint",
  "selected_checkpoint_manifest": {
    "selection_method": "best_eval_reward",
    "selected_step": 6553600,
    "selected_eval_reward": 21.654268264770508,
    "source_checkpoint_dir": "/home/qiyaoma/eec289_hw1/artifacts/run_extended/stage_2/checkpoints/000006553600",
    "exported_checkpoint_dir": "/home/qiyaoma/eec289_hw1/artifacts/run_extended/best_checkpoint",
    "exported_at_unix": 1776832446.0386293
  },
  "compile_time_sec": 62.60253507200014,
  "train_time_sec": 98.22353719500006
}