{
  "num_steps": 13107200,
  "metrics": {
    "eval/walltime": 65.76897406578064,
    "training/sps": 3122874.4449493755,
    "training/walltime": 63.91666889190674,
    "training/entropy_loss": 0.09868650138378143,
    "training/kl_mean": 0.038365207612514496,
    "training/learning_rate": 0.00029999998514540493,
    "training/policy_dist_max_loc": 2.242487668991089,
    "training/policy_dist_max_std": 1.2831151485443115,
    "training/policy_dist_mean_loc": 0.1887390911579132,
    "training/policy_dist_mean_std": 0.13229018449783325,
    "training/policy_dist_min_loc": -1.6318917274475098,
    "training/policy_dist_min_std": 0.060765501111745834,
    "training/policy_loss": -0.00241145770996809,
    "training/total_loss": 0.09637347608804703,
    "training/v_loss": 9.842832514550537e-05,
    "eval/episode_reward": 29.58380126953125,
    "eval/episode_reward/action_rate": -10.953535079956055,
    "eval/episode_reward/ang_vel_xy": -18.584285736083984,
    "eval/episode_reward/dof_pos_limits": 0.0,
    "eval/episode_reward/energy": -74.391845703125,
    "eval/episode_reward/feet_air_time": 0.08304676413536072,
    "eval/episode_reward/feet_clearance": -208.1958465576172,
    "eval/episode_reward/feet_height": -15.889450073242188,
    "eval/episode_reward/feet_slip": -6.74295711517334,
    "eval/episode_reward/lin_vel_z": -2.6638927459716797,
    "eval/episode_reward/orientation": -10.59075927734375,
    "eval/episode_reward/pose": 463.00665283203125,
    "eval/episode_reward/stand_still": -18.2374267578125,
    "eval/episode_reward/termination": 0.0,
    "eval/episode_reward/torques": -11.162675857543945,
    "eval/episode_reward/tracking_ang_vel": 467.234130859375,
    "eval/episode_reward/tracking_lin_vel": 926.1236572265625,
    "eval/episode_swing_peak": 9.455238342285156,
    "eval/episode_reward_std": 2.704810619354248,
    "eval/episode_reward/action_rate_std": 1.8979640007019043,
    "eval/episode_reward/ang_vel_xy_std": 4.283300399780273,
    "eval/episode_reward/dof_pos_limits_std": 0.0,
    "eval/episode_reward/energy_std": 34.831092834472656,
    "eval/episode_reward/feet_air_time_std": 0.4473055899143219,
    "eval/episode_reward/feet_clearance_std": 65.27822875976562,
    "eval/episode_reward/feet_height_std": 5.405062675476074,
    "eval/episode_reward/feet_slip_std": 3.2915687561035156,
    "eval/episode_reward/lin_vel_z_std": 0.9041575193405151,
    "eval/episode_reward/orientation_std": 5.535622596740723,
    "eval/episode_reward/pose_std": 8.685343742370605,
    "eval/episode_reward/stand_still_std": 110.1328353881836,
    "eval/episode_reward/termination_std": 0.0,
    "eval/episode_reward/torques_std": 1.0712640285491943,
    "eval/episode_reward/tracking_ang_vel_std": 3.8739495277404785,
    "eval/episode_reward/tracking_lin_vel_std": 25.835430145263672,
    "eval/episode_swing_peak_std": 5.361625671386719,
    "eval/avg_episode_length": 1000.0,
    "eval/std_episode_length": 0.0,
    "eval/epoch_eval_time": 1.7771632671356201,
    "eval/sps": 72024.89628671353
  }
}